<?xml version="1.0" encoding="UTF-8"?>
<OpenSimDocument Version="20302">
	<ExternalLoads name="Ex2">
		<objects>
			<ExternalForce name="ExternalForce_1">
				<isDisabled> false </isDisabled>
				<!--Name of the body the force is applied to.-->
				<applied_to_body> calcn_r </applied_to_body>
				<!--Name of the body the force is expressed in (default is ground).-->
				<force_expressed_in_body> ground </force_expressed_in_body>
				<!--Name of the body the point is expressed in (default is ground).-->
				<point_expressed_in_body> ground </point_expressed_in_body>
				<!--Identifier (string) to locate the force to be applied in the data
				    source.-->
				<force_identifier> ground_force_r_v </force_identifier>
				<!--Identifier (string) to locate the point to be applied in the data
				    source.-->
				<point_identifier> ground_force_r_p </point_identifier>
				<!--Identifier (string) to locate the torque to be applied in the data
				    source.-->
				<torque_identifier> ground_torque_r </torque_identifier>
				<!--Name of the data source (Storage) that will supply the force data.-->
				<data_source_name></data_source_name>
			</ExternalForce>
			<ExternalForce name="ExternalForce_2">
				<isDisabled> false </isDisabled>
				<!--Name of the body the force is applied to.-->
				<applied_to_body> calcn_l </applied_to_body>
				<!--Name of the body the force is expressed in (default is ground).-->
				<force_expressed_in_body> ground </force_expressed_in_body>
				<!--Name of the body the point is expressed in (default is ground).-->
				<point_expressed_in_body> ground </point_expressed_in_body>
				<!--Identifier (string) to locate the force to be applied in the data
				    source.-->
				<force_identifier> ground_force_l_v </force_identifier>
				<!--Identifier (string) to locate the point to be applied in the data
				    source.-->
				<point_identifier> ground_force_l_p </point_identifier>
				<!--Identifier (string) to locate the torque to be applied in the data
				    source.-->
				<torque_identifier> ground_torque_l </torque_identifier>
				<!--Name of the data source (Storage) that will supply the force data.-->
				<data_source_name></data_source_name>
			</ExternalForce>
		</objects>
		<groups/>
		<groups/>
		<!--Storage file (.sto) containing (3) components of force and/or torque
		    and point of application.Note: this file overrides the data source
		    specified by the individual external forces if specified.-->
		<datafile> GRF_CoP.sto </datafile>
	</ExternalLoads>
</OpenSimDocument>
